Rank,Name,AddedOrder,ExecutedOrder,Ratio,Highest Ask,Lowest Bid,Spread
1,CIBC World Markets  Inc,27741500.0,147500.0,0.005316943928770975,25.22,25.14,0.08
2,National Bank Financial Inc,71085800.0,29000.0,0.00040795770744649426,25.22,25.15,0.07
3,Anonymous.csv,3154200.0,24600.0,0.00779912497622218,25.22,25.14,0.08
4,Merrill Lynch Canada Inc,2570900.0,7400.0,0.002878369442607647,25.22,25.14,0.08
5,BMO Nesbitt Burns Inc,11592000.0,0,0.0,25.18,25.15,0.03
6,RBC Capital Markets.csv,7392000.0,0,0.0,25.17,25.15,0.02
7,TD Securities Inc,1976000.0,0,0.0,25.18,25.15,0.03
